-- MySQL dump 10.16  Distrib 10.1.26-MariaDB, for debian-linux-gnu (x86_64)
--
-- Host: localhost    Database: db
-- ------------------------------------------------------
-- Server version	10.1.26-MariaDB-0+deb9u1

/*!40101 SET @OLD_CHARACTER_SET_CLIENT=@@CHARACTER_SET_CLIENT */;
/*!40101 SET @OLD_CHARACTER_SET_RESULTS=@@CHARACTER_SET_RESULTS */;
/*!40101 SET @OLD_COLLATION_CONNECTION=@@COLLATION_CONNECTION */;
/*!40101 SET NAMES utf8mb4 */;
/*!40103 SET @OLD_TIME_ZONE=@@TIME_ZONE */;
/*!40103 SET TIME_ZONE='+00:00' */;
/*!40014 SET @OLD_UNIQUE_CHECKS=@@UNIQUE_CHECKS, UNIQUE_CHECKS=0 */;
/*!40014 SET @OLD_FOREIGN_KEY_CHECKS=@@FOREIGN_KEY_CHECKS, FOREIGN_KEY_CHECKS=0 */;
/*!40101 SET @OLD_SQL_MODE=@@SQL_MODE, SQL_MODE='NO_AUTO_VALUE_ON_ZERO' */;
/*!40111 SET @OLD_SQL_NOTES=@@SQL_NOTES, SQL_NOTES=0 */;

--
-- Table structure for table `Class`
--

DROP TABLE IF EXISTS `Class`;
/*!40101 SET @saved_cs_client     = @@character_set_client */;
/*!40101 SET character_set_client = utf8 */;
CREATE TABLE `Class` (
  `ClassNo` int(11) DEFAULT NULL,
  `ClassName` varchar(8) DEFAULT NULL,
  `DepartNo` int(11) DEFAULT NULL
) ENGINE=InnoDB DEFAULT CHARSET=utf8mb4;
/*!40101 SET character_set_client = @saved_cs_client */;

--
-- Dumping data for table `Class`
--

LOCK TABLES `Class` WRITE;
/*!40000 ALTER TABLE `Class` DISABLE KEYS */;
INSERT INTO `Class` VALUES (20000001,'00电子商务',1),(20000002,'00多媒体',1),(20000003,'00数据库',1),(20000004,'00建筑管理\r\n',2),(20000005,'00建筑电气',2),(20000006,'00旅游管理',3),(20010001,'01电子商务',1),(20010002,'01多媒体',1),(20010003,'01数据库',1),(20010004,'01建筑管理',2),(20010005,'01建筑电气',2),(20010006,'01旅游管理',3),(20020001,'02电子商务',1),(20020002,'02多媒体',1),(20020003,'02数据库',1),(20020004,'02建筑管理',2),(20020005,'02建筑电气',2),(20020006,'02旅游管理',3);
/*!40000 ALTER TABLE `Class` ENABLE KEYS */;
UNLOCK TABLES;

--
-- Table structure for table `Course`
--

DROP TABLE IF EXISTS `Course`;
/*!40101 SET @saved_cs_client     = @@character_set_client */;
/*!40101 SET character_set_client = utf8 */;
CREATE TABLE `Course` (
  `CouNo` int(11) DEFAULT NULL,
  `CouName` varchar(25) DEFAULT NULL,
  `Kind` varchar(4) DEFAULT NULL,
  `Credit` decimal(2,1) DEFAULT NULL,
  `Teacher` varchar(3) DEFAULT NULL,
  `DepartNo` int(11) DEFAULT NULL,
  `SchoolTime` varchar(6) DEFAULT NULL,
  `LimitNum` int(11) DEFAULT NULL,
  `WillNum` int(11) DEFAULT NULL,
  `ChooseNum` varchar(1) DEFAULT NULL
) ENGINE=InnoDB DEFAULT CHARSET=utf8mb4;
/*!40101 SET character_set_client = @saved_cs_client */;

--
-- Dumping data for table `Course`
--

LOCK TABLES `Course` WRITE;
/*!40000 ALTER TABLE `Course` DISABLE KEYS */;
INSERT INTO `Course` VALUES (1,'SQL Server实用技术','信息技术',3.0,'徐人凤',1,'周二5-6节',20,40,'0'),(2,'JAVA技术的开发应用','信息技术',2.0,'程伟彬',1,'周二5-6节',10,34,'0'),(3,'网络信息检索原理与技术','信息技术',2.0,'李涛',1,'周二晚',10,30,'0'),(4,'Linux操作系统','信息技术',2.0,'郑星',1,'周二5-6节',10,33,'0'),(5,'Premiere6.0影视制作','信息技术',2.0,'李韵婷',1,'周二5-6节',20,27,'0'),(6,'Director动画电影设计与制作','信息技术',2.0,'陈子仪',1,'周二5-6节',10,27,'0'),(7,'Delphi初级程序员','信息技术',2.0,'李兰',1,'周二5-6节',10,27,'0'),(8,'ASP.NET应用','信息技术',2.5,'曾建华',1,'周二5-6节',10,45,'0'),(9,'水资源利用管理与保护','工程技术',2.0,'叶艳茵',2,'周二晚',10,31,'0'),(10,'中级电工理论\r\n','工程技术',3.0,'范敬丽',2,'周二5-6节',5,24,'0'),(11,'中外建筑欣赏','人文',2.0,'林泉',2,'周二5-6节',20,27,'0'),(12,'智能建筑                  \r\n','工程技术',2.0,'王娜',2,'周二5-6节',10,21,'0'),(13,'房地产漫谈                 \r\n','人文',2.0,'黄强',2,'周二5-6节',10,36,'0'),(14,'科技与探索              \r\n','人文',1.5,'顾苑玲',2,'周二5-6节',10,24,'0'),(15,'民俗风情旅游         \r\n','管理',2.0,'杨国润',3,'周二5-6节',20,33,'0'),(16,'旅行社经营管理       \r\n','管理',2.0,'黄文昌',3,'周二5-6节',20,36,'0'),(17,'世界旅游                   \r\n','人文',2.0,'盛德文',3,'周二5-6节',10,27,'0'),(18,'中餐菜肴制作','人文',2.0,'卢萍',3,'周二5-6节',5,66,'0'),(19,'电子出版概论','工程技术',2.0,'李力',3,'周二5-6节',10,0,'0'),(20,'zhexue','人文',2.0,'徐人凤',1,'周二晚',20,0,'');
/*!40000 ALTER TABLE `Course` ENABLE KEYS */;
UNLOCK TABLES;

--
-- Table structure for table `Department`
--

DROP TABLE IF EXISTS `Department`;
/*!40101 SET @saved_cs_client     = @@character_set_client */;
/*!40101 SET character_set_client = utf8 */;
CREATE TABLE `Department` (
  `DepartNo` int(11) DEFAULT NULL,
  `DepartName` varchar(8) DEFAULT NULL
) ENGINE=InnoDB DEFAULT CHARSET=utf8mb4;
/*!40101 SET character_set_client = @saved_cs_client */;

--
-- Dumping data for table `Department`
--

LOCK TABLES `Department` WRITE;
/*!40000 ALTER TABLE `Department` DISABLE KEYS */;
INSERT INTO `Department` VALUES (1,'计算机应用工程系'),(2,'建筑工程系'),(3,'旅游系');
/*!40000 ALTER TABLE `Department` ENABLE KEYS */;
UNLOCK TABLES;

--
-- Table structure for table `Opinion`
--

DROP TABLE IF EXISTS `Opinion`;
/*!40101 SET @saved_cs_client     = @@character_set_client */;
/*!40101 SET character_set_client = utf8 */;
CREATE TABLE `Opinion` (
  `id` int(11) DEFAULT NULL,
  `name` varchar(2) DEFAULT NULL,
  `con` varchar(6) DEFAULT NULL,
  `time` varchar(19) DEFAULT NULL
) ENGINE=InnoDB DEFAULT CHARSET=utf8mb4;
/*!40101 SET character_set_client = @saved_cs_client */;

--
-- Dumping data for table `Opinion`
--

LOCK TABLES `Opinion` WRITE;
/*!40000 ALTER TABLE `Opinion` DISABLE KEYS */;
INSERT INTO `Opinion` VALUES (1,'林斌','llll','2017-12-09 21:46:24'),(2,'林斌','123456','2017-12-10 02:58:13');
/*!40000 ALTER TABLE `Opinion` ENABLE KEYS */;
UNLOCK TABLES;

--
-- Table structure for table `StuCou`
--

DROP TABLE IF EXISTS `StuCou`;
/*!40101 SET @saved_cs_client     = @@character_set_client */;
/*!40101 SET character_set_client = utf8 */;
CREATE TABLE `StuCou` (
  `StuNo` int(11) DEFAULT NULL,
  `CouNo` int(11) DEFAULT NULL,
  `WillOrder` varchar(1) DEFAULT NULL,
  `State` varchar(3) DEFAULT NULL,
  `RandomNum` varchar(36) DEFAULT NULL
) ENGINE=InnoDB DEFAULT CHARSET=utf8mb4;
/*!40101 SET character_set_client = @saved_cs_client */;

--
-- Dumping data for table `StuCou`
--

LOCK TABLES `StuCou` WRITE;
/*!40000 ALTER TABLE `StuCou` DISABLE KEYS */;
INSERT INTO `StuCou` VALUES (1,1,'1','已退选','507FD0AC-D1A6-47B5-A341-15F5F764BD16'),(1,2,'4','报名','067F1F5A-A545-4932-85AB-B3C7CCA1116C'),(1,3,'3','报名','9BEE5748-F618-4773-AB74-448ABD9136F3'),(1,17,'5','报名','E6CA90E0-A73B-4C58-91DD-DAAFFB0170B2'),(1,18,'2','报名','2D62746B-B8AA-4704-9E69-D17794198908'),(2,1,'1','报名','262CCF66-1322-4ED8-916F-18C49D22DB42'),(2,4,'4','报名','EF0D14B2-6587-478C-837D-6566AA2BEE6C'),(2,8,'3','报名','AA041EB4-A3EA-40AF-A8C8-57211BE22D8D'),(2,18,'2','报名','C7AE597D-6FDF-40AC-A160-1B768757300C'),(3,2,'2','报名','8BF5A003-1199-43BB-93FD-AB1360216CD5'),(3,3,'3','报名','FD26F444-6074-460D-A386-6CAB911E0DBC'),(3,9,'1','报名','5237D542-8860-4044-B02E-09ACA8AFA3DF'),(4,5,'2','报名','79FA724B-4A9C-4867-93FC-37CE90017DE1'),(4,13,'3','报名','77C71D5F-A7DD-4B63-B4BF-581E87C08928'),(4,18,'1','报名','E6D3665F-18B2-4835-95FB-959DB122C096'),(5,4,'2','报名','1184DDBA-2390-41F3-BB4E-5A9C3E394D96'),(5,17,'3','报名','850448CA-BCC2-4A32-9C53-134294FF03F3'),(5,18,'1','报名','3BED8788-560F-41E2-B2DB-773B84E4BF09'),(6,1,'1','报名','73160DC1-5E73-4415-A490-5DEE70429FAD'),(6,6,'2','报名','D7E35533-1C47-4323-A29C-709D72818BBE'),(6,12,'4','报名','76ECC961-86F2-48EC-8FAE-3AE364A1DC82'),(6,16,'3','报名','1F5046CC-AF62-4159-A955-9C4EF11E6C59'),(7,2,'2','报名','CF8A9C34-73CC-4668-B40D-81A2DEB56196'),(7,3,'1','报名','582FFC45-CD0D-408F-A0E6-C401333678AC'),(7,4,'3','报名','C69BAE8A-F073-4D45-AC21-BF7BA5FF615A'),(8,5,'2','报名','7CB2CFBE-08EB-4A3F-A007-932D5F9A34C3'),(8,18,'1','报名','A127F921-0290-4D56-BADA-017BA23A87D4'),(9,3,'1','报名','C7DBD759-C588-41F5-AFAF-DE182C102D14'),(9,6,'2','报名','B203400F-1FA4-4870-A294-A9AB7752E170'),(9,18,'1','报名','E03E9B91-E8A8-4D56-8BA2-39592AFB0BBF'),(10,4,'2','报名','3EF69058-4235-43B2-B3DC-9EF05E0640E8'),(10,15,'3','报名','D4CAE203-4ABE-4892-B75D-380961B8DDFF'),(10,18,'1','报名','7D30D48A-CE8E-4CAA-9C46-07EDE017A586'),(11,1,'1','报名','A7DB2ACC-6A5D-4162-A8CB-8CEEFD4FE961'),(11,3,'4','报名','7CEED389-5C55-4A71-824C-359CEDCF29BB'),(11,16,'2','报名','E601B21F-AD69-4850-8CB1-A865D6836D6E'),(11,17,'3','报名','1B04D280-B42F-4B18-86D2-A086DF457D89'),(12,2,'1','报名','9A24CA47-331A-4F90-974B-787C4182244F'),(12,10,'2','报名','DB2091BA-267B-47F1-B530-AEFB47399F3F'),(12,14,'3','报名','8356C228-BE11-4509-A78E-3920C3D1D0DE'),(13,6,'4','报名','AAF5441F-0C50-45A6-BD78-E369138F5F08'),(13,7,'1','报名','069846A9-CF42-4B15-A2E7-8E3B15FC449B'),(13,12,'2','报名','4AFDE34E-D59B-4207-9B0F-A36AA157C428'),(13,13,'5','报名','CEAD6142-C4DE-4285-948C-78F136233AF8'),(13,15,'3','报名','A65E870D-77C5-4E92-9017-3B751E0F72D6'),(14,2,'3','报名','32199A24-D7B3-4A1C-A581-E424309E0192'),(14,4,'2','报名','4C679393-7532-472F-8F5B-6AC2512EED28'),(14,18,'1','报名','CD7E6A6F-67DD-49EB-9306-8EA2EC3C9F73'),(15,1,'3','报名','77F1526D-0CB0-486B-9C47-C11377A37FF6'),(15,3,'1','报名','9CD98394-4E64-45D3-A093-7DED0DE15D16'),(15,8,'2','报名','99E14359-A8E1-492E-ACC0-0BE2F9615693'),(15,9,'4','报名','D86313B9-1097-46BC-8D9B-6489C433B900'),(16,10,'3','报名','35694D39-9BE0-407C-9375-E4E11E5C2C0A'),(16,12,'1','报名','DBC410BF-ECBC-493B-8652-C925561E66E9'),(16,17,'2','报名','C02DEA59-63BC-4549-911A-FECB7DB6CBF1'),(17,4,'1','报名','004A4465-93F4-4C54-BB85-9EA73580E8FE'),(17,6,'3','报名','EC6C0BF0-5EA3-4AA2-95B9-1915CF167D78'),(17,16,'2','报名','C2115194-7C31-4BB1-A78E-320AC4FAD3B4'),(18,3,'5','报名','DBCADF09-3490-4461-B9D4-F1567EC9FFC9'),(18,7,'4','报名','763D9C08-9F16-4B1B-891E-FCF99CAE50A0'),(18,13,'3','报名','C8E253D5-4A5E-4A1A-81C2-DD512E644778'),(18,15,'2','报名','2919D733-CE8B-41DF-9BA4-3AE39E181D7C'),(18,18,'1','报名','55089294-67DB-465D-AE07-0DB0222DD0F1'),(19,2,'1','报名','78F39BF8-34F7-4173-8A70-04096F64E2F3'),(19,8,'2','报名','ACE3BCAC-0679-494C-90E2-A2CB6FE6DB1E'),(19,14,'3','报名','52E84E0D-6F50-429E-9285-E1EF9753F362'),(20,4,'3','报名','87ED8DEC-73E3-4FE0-9425-8DB17AEF9F61'),(20,12,'2','报名','C0895153-DC66-41FF-A6F7-6A7595DD7EC5'),(20,18,'1','报名','217DDC9E-382D-4084-8B6E-511FF7A299F5'),(21,3,'1','报名','7EA4C311-0720-412C-B1FE-E0F672A51152'),(21,13,'2','报名','CD4DFB16-4E87-48F9-8D26-E2D6C7DB030E'),(21,14,'4','报名','C427129C-B481-4855-8D08-7EAECCFF437C'),(21,15,'5','报名','55EB012A-75EF-41AE-B2A2-FDD36F25899B'),(21,16,'3','报名','F1090233-D136-46A0-AFC4-A5A195E7D804'),(22,3,'1','报名','8B245B31-4BA5-4342-8246-20AC8258D43A'),(23,2,'3','报名','F6409932-D72E-40BD-9506-882EB59FEEEC'),(23,4,'1','报名','A1CC9944-7EA6-49E7-A299-4730B1950A6B'),(23,8,'2','报名','A1E472A3-F3BF-405E-9ED1-59B5A65D55FE'),(24,6,'2','报名','BBAC5715-5F3B-445C-9A95-13E46930749A'),(24,17,'3','报名','54601B0C-C1CF-41D9-A829-9323BEBD14F6'),(24,18,'1','报名','993F8047-0D0E-427E-97A2-1BAA035D1351'),(26,3,'2','报名','D59B4D72-A7F9-44DD-B131-9EBE2884D999'),(26,4,'1','报名','B80040B9-BAA0-4511-A95A-D02877FBBD12'),(27,1,'1','报名','798B1B13-152E-49FB-8C28-D15A303C851F'),(27,12,'3','报名','D28B90CF-6F8E-4B27-B9E5-6249CE5D1925'),(27,14,'2','报名','86C00210-F6DE-4B69-99BD-58A2859B0756'),(27,16,'4','报名','A91AC56B-C510-4606-9820-427A2423C43A'),(28,2,'2','报名','05A1725B-CBBB-4894-8C7A-D72639F20659'),(28,8,'3','报名','873F6707-C3DE-4173-BBAC-41DA5F706B00'),(28,10,'1','报名','EB95D1B4-00A2-4C26-A656-6B75086A4EB4'),(29,6,'5','报名','621D8C71-0B5C-4082-B742-0133C780FA9F'),(29,13,'1','报名','63080252-FE5B-45C6-98C0-9125608F52A6'),(29,14,'4','报名','9FC320BD-A3F4-4717-8EEA-9E6EC5F5D9C5'),(29,15,'2','报名','F7F5AC91-6EBD-4966-B634-40CFABCAD6EA'),(29,17,'3','报名','3F7428D7-A716-4180-BFDE-E8EF65177A1D'),(30,4,'3','报名','737BCA23-EC86-4EB1-8451-3A5AA4BB7A78'),(30,7,'4','报名','8B122156-5972-49D4-94A5-B8C114853DA9'),(30,12,'2','报名','A9ADDBCA-3DA4-4C7D-B0CA-73E650AF5E1A'),(30,18,'1','报名','EF220A32-2C61-4D2B-A3CD-FEE05D2ECCB5'),(31,2,'2','报名','258FF105-0A18-4D20-A67F-50E137A4AC09'),(31,5,'3','报名','2585C78B-CDD7-4F02-BF63-62A161F6E724'),(31,10,'1','报名','C90333CA-432A-4439-B7A0-B87ED9458058'),(32,9,'1','报名','2C3B73A5-9433-4C43-9E45-75EC92E532C8'),(32,16,'2','报名','1E91C9AC-9573-4D5F-85C2-DF3F5F5A583A'),(33,1,'1','报名','27859714-19B6-4E1B-A807-7602F7154A72'),(33,8,'2','报名','EF4ED680-1DD2-43DA-87D0-2141331B6B51'),(33,14,'3','报名','385C8F7D-6683-4798-98E5-1037CBB4295D'),(33,15,'5','报名','2354D9AD-6262-4132-B50E-417DC3F9EA3B'),(33,17,'4','报名','1A1B5DE5-5B17-420B-9176-E864E38ED224'),(34,2,'2','报名','F3DF003D-A01E-4AE7-90DD-20D7ADC5B3CA'),(34,8,'4','报名','0A502DD8-0CF1-4DC7-A5F1-1235F92CB323'),(34,13,'3','报名','1D7996FC-7179-4608-8912-E5542A3D1DC3'),(34,18,'1','报名','F4E08C38-8A2B-4D57-9296-EFAA398C73A8'),(35,6,'1','报名','B0DD1363-BD8A-4361-8FA3-F1B1515F0B82'),(35,8,'2','报名','75FD3EE8-B2D1-443E-B64D-F8E2797E0078'),(35,16,'3','报名','0BD18943-8D1B-4A6B-81C0-42E044931D1F'),(36,7,'1','报名','CD930018-A2A8-463A-841A-3EA53AE10E1B'),(36,10,'2','报名','D8ED4E18-E406-4A99-9442-E73E4F2B5E5C'),(36,13,'3','报名','C41C8E57-BE30-4A42-9CCF-7070A269B84C'),(37,2,'1','报名','5836F279-ED12-4865-A60C-556A4106262F'),(37,9,'4','报名','1335700E-EF05-420D-875B-ECBCBEC0A6A8'),(37,14,'3','报名','09866CF6-F5AD-4A73-8023-AADCFF718B44'),(37,17,'5','报名','EFED96C7-9D5F-4DCB-AC40-34EAE80977ED'),(37,18,'2','报名','2E3494B1-D55D-4703-A410-09E6C9768752'),(38,1,'2','报名','53122041-B6F7-450D-88BF-1A7A474D5742'),(38,8,'1','报名','1C543160-C190-4822-A80E-7095C26BD337'),(38,11,'3','报名','43F61D24-846B-4909-9E29-CCBDB56EAD79'),(38,15,'4','报名','EA442E0A-4A17-4B2D-A131-A9FE2A575C37'),(39,18,'1','报名','DE7E6DA8-4C79-4236-8B73-53AAAE64B542'),(40,16,'1','报名','E43114FB-2C88-4738-A5DC-FEED0505E6AA'),(41,5,'3','报名','B1824A6F-F444-4F12-BCE9-6FA924127040'),(41,8,'4','报名','2192F251-7A47-44F9-A450-BB22A1CF1862'),(41,10,'5','报名','1997C7EB-AB48-4533-AD3E-973C8B14427B'),(41,11,'2','报名','98068725-8C77-4F33-A680-B8333C6C4905'),(41,18,'1','报名','C65AE599-446B-4F81-ACD7-0E6DCA75AB2F'),(42,8,'2','报名','F8271FC9-655F-4CBE-9EEA-B470F79E09CE'),(42,13,'1','报名','89499D84-AF2B-442E-8A12-7C0662707BD7'),(42,15,'3','报名','F711FFE2-B449-4E7A-A6B2-CB8210906138'),(43,5,'1','报名','42A00295-4F94-4287-AE92-523243454CBB'),(43,11,'3','报名','8B104996-2632-48C7-A603-A9B028FB3EC0'),(43,16,'2','报名','A69E0314-4E09-42D6-A6F9-57C211363947'),(44,5,'3','报名','7C0E7162-64D9-4DF2-8CCC-95F9CDAC0000'),(44,7,'1','报名','7FC1E826-1ED4-40BD-B009-10423333EE9D'),(44,9,'2','报名','1C806E71-FD98-46C7-9D20-FF22168A5185'),(45,1,'2','报名','2BDF1128-7041-4866-8AC6-6C98F052458F'),(45,10,'3','报名','B9325C12-73BC-4F38-9A0C-B58482EE6898'),(45,18,'1','报名','76F1530F-0FAF-45EF-BD19-27E730F202FD'),(46,8,'4','报名','1D937E20-ECAC-4422-A8AC-64B58FC3F75C'),(46,11,'1','报名','31125B98-7B97-40E0-9C93-C73B910997CE'),(46,13,'5','报名','A20838BD-C01B-4981-AA5F-C54D89FAE10D'),(46,15,'2','报名','755D8D10-82BD-463F-BD7F-E4071DD26A5D'),(46,17,'3','报名','37072F98-DB70-4465-A6A8-CE0565F194C3'),(47,5,'3','报名','9B44CA99-65ED-4D26-B09F-B9DCB122D30F'),(47,8,'1','报名','39144370-10C3-4025-8884-5E5C6B744928'),(47,18,'2','报名','E8F591F1-C0DC-4C2A-A4BE-E5750F15F739'),(48,9,'2','报名','ECE91C35-ECDD-454E-8A1C-389D9C76FBBA'),(48,11,'1','报名','E3FA145A-A27B-4ABD-B19C-0D31A40463EE'),(48,13,'3','报名','D4E322EC-6249-4EF6-B7C2-EAC135247466'),(49,7,'3','报名','ED891106-BB51-40D9-942F-9879D85E9D3C'),(49,15,'2','报名','3659C08A-1355-4A42-9210-8003103EB1CF'),(49,16,'1','报名','2FD08625-5AEB-4150-A5DB-CA72AE7E0F89'),(50,5,'5','报名','44A42BBC-8DDE-4497-A2BC-AB31F7286B66'),(50,8,'3','报名','33121DF9-E5E0-43E7-B3C0-2B6F3791BF7E'),(50,11,'2','报名','FCBA82F5-0608-4830-AB45-94A7701A63FB'),(50,16,'4','报名','B9AFC855-2451-4E12-9D1E-3F17F1DD5FB9'),(50,18,'1','报名','2E09D961-2553-4648-8960-63024B43F0A1'),(51,1,'1','报名','9F6D43E3-FF07-4970-A1AA-277D4C1FD5F5'),(51,8,'4','报名','724CC91F-3DE4-41FA-85BE-A615A15838EC'),(51,9,'3','报名','364E6F5F-2594-452C-A045-B598AE1C8B49'),(51,13,'5','报名','C934A6E5-9A93-4740-B967-D9B73E84BA79'),(51,18,'2','报名','0ACCF61B-5C94-4F88-81CB-7D09B5BC4C26'),(52,1,'1','报名','25111379-6190-4F80-B006-6FFC6089616A'),(52,7,'3','报名','68B2D21B-E227-4A0C-B67E-E7B38E1DE18D'),(52,11,'2','报名','07C722AD-48C0-49FF-9363-7168D241349B'),(54,5,'2','报名','DED9C6F7-ECDC-4363-AA85-66548F2A0075'),(54,6,'3','报名','DC0818B8-732C-4E0F-86B4-D01E4C388D34'),(54,9,'1','报名','DB0860AF-6E3E-4ED1-9886-B057D6356CA6'),(55,1,'1','报名','875C6290-EEE5-4F54-B965-37D0E915AAD7'),(55,9,'2','报名','03205DF7-2857-49DB-9BFA-75ABCCF7DB28'),(56,1,'3','报名','2B95E4A7-F175-4C59-A74B-C8EFF700E68B'),(56,7,'5','报名','06232CD3-99B1-4D6D-8DEA-E9B61637A356'),(56,11,'4','报名','49C2304B-C3C5-463B-8BA9-6C0BA74B7E16'),(56,16,'2','报名','72F6AE26-38AE-4185-801A-9E283D9A2F38'),(56,18,'1','报名','F1F418E0-4D73-49B9-8B75-FE2762512E04'),(57,1,'1','报名','A6E14B8E-49DE-48D3-9826-BE0AE7D552F4'),(57,15,'2','报名','5CBFEE98-473B-49DD-B166-F0FA0DC81E86'),(58,7,'2','报名','542C113E-8739-433A-825F-5F7345751061'),(58,9,'3','报名','C676115E-A8F6-48B5-B9A9-2806DC343858'),(58,14,'1','报名','091CE9A8-32AB-4232-9E3F-F0A7E72F9001'),(59,1,'1','报名','F1191BE2-5C9C-4660-A0C2-727B1984014F'),(59,4,'4','报名','BF045A47-105C-4CD4-8DA6-CC831AC626A4'),(59,6,'5','报名','84AA21A0-6C5E-4381-B518-2A130D6238BF'),(59,11,'3','报名','70F6775B-5706-45BB-903C-9320B6F58D64'),(59,13,'2','报名','6F32E6CB-84DF-4AA4-A09A-47AD0F89D5DA'),(60,10,'3','报名','1A903842-BAD3-4691-A997-BBD2B497D987'),(60,12,'2','报名','85B957C1-3744-4BA0-A81C-65ACFB79C91E'),(60,18,'1','报名','DB6A4F07-70DE-4C2F-91AA-E4DCCA889861'),(1000001,1,'1','报名','8A37B9FA-D480-45B7-815F-0CFA3C5DC3E1'),(1000001,2,'4','报名','950772AB-3BC9-4D71-98BE-83104B15AA51'),(1000001,3,'3','报名','F93B1E60-1780-4300-9609-672148046EB2'),(1000001,17,'5','报名','93238563-D36D-4651-969D-0C14643A2DDD'),(1000001,18,'2','报名','9C3530DD-C4E0-4D76-BD80-17A7499F3ED7'),(1000002,1,'1','报名','A5312FBE-5EC3-4683-8352-3ED6E4D75AA5'),(1000002,4,'4','报名','CFC363CF-8F52-4585-9C36-C57B65F7910B'),(1000002,8,'3','报名','FBAAB266-4EDC-4574-8B42-C16BBC51F7BE'),(1000002,18,'2','报名','93DFE3EA-02FF-48F5-8845-F9BE994E2022'),(1000003,2,'2','报名','987FF27B-4DA5-4D53-B4BA-B18ECCDC3D90'),(1000003,3,'3','报名','666D81AC-5EC9-4D33-B8B5-F514B7743DBF'),(1000003,9,'1','报名','880C9BF1-8153-4623-9845-120B23D5090B'),(1000004,5,'2','报名','C584587B-8A6D-4A96-8818-ABF7BF996EC4'),(1000004,13,'3','报名','C6E9220C-A07E-4BBA-B931-65E4CCDB9A1F'),(1000004,18,'1','报名','D4678158-2B32-49B6-BAC6-0094606529BD'),(1000005,4,'2','报名','F26BC32B-E533-47FD-81C6-DCB65AD7642F'),(1000005,17,'3','报名','550316CA-5854-4BEB-AA13-A2B694D90A8E'),(1000005,18,'1','报名','DFA977D3-99B0-4E8A-A2F1-8DDE2BBD491D'),(1000006,1,'1','报名','E2159D05-D7AC-4546-BFF6-6343B2E4D973'),(1000006,6,'2','报名','728DDBF9-1811-4F76-84C2-02DA117EF1FB'),(1000006,12,'4','报名','60E76C09-25E0-44EE-8B8D-48BB22181DC0'),(1000006,16,'3','报名','2B658A16-1EBA-4A6D-9945-2D9C970BCF34'),(1000007,2,'2','报名','DC834C95-831E-4B55-8BB7-B9107055C3FA'),(1000007,3,'1','报名','AB0DED40-1859-4C4B-BC79-D46952A7DD5E'),(1000007,4,'3','报名','129DC5C7-09C8-46B7-9C22-64C1CB5CAED7'),(1000008,5,'2','报名','41203788-C9C9-48DA-B3E1-723C968406CD'),(1000008,18,'1','报名','DABC40D2-7051-4758-B163-8493F3018DB7'),(1000009,3,'1','报名','7A6B020E-8B14-48D5-A5C5-970677CED50E'),(1000009,6,'2','报名','CDDA9B39-F5DD-4DAF-9EE8-624E7A5DD230'),(1000009,18,'1','报名','8A51FC99-F1B2-4B72-ABF1-55ED9D34682F'),(1000010,4,'2','报名','0FE21006-B8BB-40A2-86E7-3EFD95341AE9'),(1000010,15,'3','报名','9FA4E854-CCDD-476E-BA7A-EAC6A264B7F1'),(1000010,18,'1','报名','CAB4426B-B2A8-4A37-9F2A-ED1B7B3DACF6'),(1000011,1,'1','报名','8AED259D-8598-46B6-A98B-3D3E1EDC0D3B'),(1000011,3,'4','报名','581710F4-9250-4F69-BD34-259D616D945F'),(1000011,16,'2','报名','39834CE2-5F68-40B0-98B4-E4E32DA7325A'),(1000011,17,'3','报名','F884A6D2-647A-4EB8-9592-7BB734576B71'),(1000012,2,'1','报名','E8F287A9-4E18-4C90-946B-9F1AB653C5F6'),(1000012,10,'2','报名','FEF5E668-C791-454F-8878-A3169338CDBD'),(1000012,14,'3','报名','A2B99D45-BB87-42FF-88F0-E8DC00D546C5'),(1000013,6,'4','报名','C920936F-5774-4F9C-ABDF-4AE42CFF65D5'),(1000013,7,'1','报名','688F3579-BAD2-41A3-9AD6-53C4F5CBC3DF'),(1000013,12,'2','报名','6F58043A-E163-4FA0-AA11-C921D862AF26'),(1000013,13,'5','报名','1230E68F-C78F-4A31-8D2B-BB532124774A'),(1000013,15,'3','报名','5C8A5400-1A9A-4CD8-83C3-3DC8BCDA874D'),(1000014,2,'3','报名','5C1990A5-BC4C-45E0-88C4-68CD559F72BA'),(1000014,4,'2','报名','A70E5863-4002-44AB-B988-3401B05BD02A'),(1000014,18,'1','报名','D4084892-D7EB-40F6-8BB9-C6FDAF0AD970'),(1000015,1,'3','报名','D9D8A336-B2D6-4F19-8EB3-C934C11DE54C'),(1000015,3,'1','报名','11CA7B38-DC7F-4A72-A37E-E3C9C1E8158D'),(1000015,8,'2','报名','2E1695C2-35E6-472F-899C-F7E4CF583BA7'),(1000015,9,'4','报名','B54E6E1B-D378-4E10-9641-10BDB2467DB4'),(1000016,10,'3','报名','45E17102-BE4C-48A9-B6F0-89CEE7F227B8'),(1000016,12,'1','报名','F2CB13EB-C2E3-41C6-901A-C42A42D8090D'),(1000016,17,'2','报名','9182E4B5-48A7-4BCF-9FA8-1E737DF7727C'),(1000017,4,'1','报名','17ED9B6A-CDDF-40D2-BAF3-1BC8959BB156'),(1000017,6,'3','报名','E7272345-6FD6-4760-8872-15B179183350'),(1000017,16,'2','报名','D6D447F0-35B0-409C-814A-76CDDD7F7550'),(1000018,3,'5','报名','6FC0869C-FCAF-4D2A-A247-EA5C11430D81'),(1000018,7,'4','报名','0460CD15-DB1A-430A-9440-15336BC17A49'),(1000018,13,'3','报名','96B2E5E7-07B2-460D-AEAF-2E884AC18CFA'),(1000018,15,'2','报名','044FD005-BE2B-48E7-9A2C-8FD6A89FDCBF'),(1000018,18,'1','报名','3C4AF1AA-6953-4AF5-939C-9E55A4899701'),(1000019,2,'1','报名','799D67D8-6835-4FC7-AEB9-8FA2A5E10374'),(1000019,8,'2','报名','7F5CE599-BEAA-4C86-BE9F-9FEB3FE4FAC3'),(1000019,14,'3','报名','D499BEBB-2A96-4773-8977-6DB4569DDACA'),(1000020,4,'3','报名','26EFD653-EC74-461D-9836-5476E6038600'),(1000020,12,'2','报名','459E2C97-EC92-48B0-8D2D-15CD4FB0E5CF'),(1000020,18,'1','报名','CC698843-A68C-46B1-887D-46C61B63A901'),(1000021,3,'1','报名','1A675591-FA3A-47C8-B365-FEA3C3AF9C81'),(1000021,13,'2','报名','70EED877-EA80-42AF-8F95-8CCE828B43DF'),(1000021,14,'4','报名','8ED627FC-06EB-420B-9964-439235426C9A'),(1000021,15,'5','报名','E09E33FC-0E72-47C0-85F5-D107F70F7694'),(1000021,16,'3','报名','46678784-1B2F-4FD7-B37F-C7DF02B03C8F'),(1000022,3,'1','报名','F7BD2CB5-10BC-44E0-9834-620BA4CA2F9D'),(1000023,2,'3','报名','C88A43EC-C8BA-4E40-A2D1-BD52B38CADD2'),(1000023,4,'1','报名','A4E6ADC2-0FBC-440C-BE52-FD289CE0A7ED'),(1000023,8,'2','报名','68EE14ED-123E-4EC2-A2FF-BD9918603A11'),(1000024,6,'2','报名','A71385AC-4ECB-4C5E-907C-6D9363FFC5A3'),(1000024,17,'3','报名','37F9D733-8594-43BD-B777-11C1739DA1E5'),(1000024,18,'1','报名','120F8430-76CC-4F77-97BF-2D86BB7EBE23'),(1000026,3,'2','报名','2DF98FAE-019C-4A77-97DE-A29BD03420D7'),(1000026,4,'1','报名','1E768C53-759E-411B-813E-3F5D417ADBC6'),(1000027,1,'1','报名','684F4F5A-8AB2-4D7D-9ED4-2FBC37B06E98'),(1000027,12,'3','报名','61DCCCFE-63FF-45F3-A401-A2FF866924BB'),(1000027,14,'2','报名','3F687BA3-4906-49FE-B9F0-15E12422B79A'),(1000027,16,'4','报名','7A5E970A-15F3-4858-A91B-FFFAF7AA3280'),(1000028,2,'2','报名','F6BB5AE4-4D69-43E3-9F64-20DBFFAB379F'),(1000028,8,'3','报名','0F75F9DA-CF43-4520-9BEB-34DB43E6E94F'),(1000028,10,'1','报名','375E93AD-EB5E-4D62-A6EE-1E8AC9491819'),(1000029,6,'5','报名','18C6BE30-E807-4FCD-A2BA-7897D28B2953'),(1000029,13,'1','报名','2B7816DF-9F2A-4B2F-A801-D6280F3BFC9E'),(1000029,14,'4','报名','E6F48756-FFC5-4B7D-9A6F-D8DC761F3876'),(1000029,15,'2','报名','416E9872-ADA9-44EF-8ED8-CB6D6ABA703B'),(1000029,17,'3','报名','340AE993-C5C1-4567-B990-AFFE83D46624'),(1000030,4,'3','报名','E2740308-328F-4BBA-8054-822D4BF93881'),(1000030,7,'4','报名','E3BE8357-9647-4E66-9319-1CAFB4E8654F'),(1000030,12,'2','报名','C6CB1A4C-12FD-41DE-9781-3A3F3E720AE0'),(1000030,18,'1','报名','F1907FF9-CB09-43F6-8B5F-52F52AB3329E'),(1000031,2,'2','报名','98AF8519-CF34-4216-B638-588FC104A65C'),(1000031,5,'3','报名','E3F1DB77-3448-4C22-85BF-1B8DE11164B9'),(1000031,10,'1','报名','936915CB-3A73-457B-82BB-37800B93C665'),(1000032,9,'1','报名','C5933611-9123-4C7A-8CFE-3D919C8B3099'),(1000032,16,'2','报名','D35B82AA-1E90-418E-A1B6-7FABE91F34F8'),(1000033,1,'1','报名','B2B8C555-272C-4751-AF93-8EEE50D2DA79'),(1000033,8,'2','报名','285BDA9B-9946-4082-96AF-9BE21329E8DE'),(1000033,14,'3','报名','F75D1018-C728-4555-897C-1A0065B08D60'),(1000033,15,'5','报名','9E48E10C-D0AC-485A-9FF3-46C750F936FA'),(1000033,17,'4','报名','AEB1B77F-2950-414C-850D-28153C23F69F'),(1000034,2,'2','报名','BBBC34FB-0B99-4245-9D9B-900FCF18026B'),(1000034,8,'4','报名','7186CB0E-065C-4A96-B2B4-4073344DC409'),(1000034,13,'3','报名','38B2BD2C-8112-4BE6-B4BE-52BFF93828F6'),(1000034,18,'1','报名','A9F42741-19E9-4F48-96E1-760CC7FA2D52'),(1000035,6,'1','报名','AE00C187-D56D-470D-B2B2-DBA97137400A'),(1000035,8,'2','报名','807C88D1-0DE6-4B1E-9687-AB8AF35879B8'),(1000035,16,'3','报名','6A3C5748-52EE-4879-909C-E133EEABE286'),(1000036,7,'1','报名','8FEBDED2-984D-42B0-B74A-A6471B04380C'),(1000036,10,'2','报名','498828DE-BA45-4723-83C7-F07323E7269A'),(1000036,13,'3','报名','2EDFA31C-A6AC-4647-BE97-331FCDA041B8'),(1000037,2,'1','报名','E1E4E25B-F9C6-48A4-A064-6488614C9722'),(1000037,9,'4','报名','7FBBEAA8-C189-45E5-BE5B-6BF258C15FFF'),(1000037,14,'3','报名','736706D5-01DC-4FC8-943C-7412C7E4131A'),(1000037,17,'5','报名','A2A77766-4922-418C-89FA-3F4B9689179F'),(1000037,18,'2','报名','FBB61574-5CA9-4A88-833E-F5F56F68A84A'),(1000038,1,'2','报名','0AEB94E7-FC9B-4447-B3DE-63DF73E7A76F'),(1000038,8,'1','报名','0FD1C508-1C80-4FEA-AB46-DDD961ABEEBD'),(1000038,11,'3','报名','28E30A68-435C-4B98-89F6-6B597460BCD8'),(1000038,15,'4','报名','C10628F2-C6E7-4583-8A30-B47E0D2A059F'),(1000039,18,'1','报名','0C42E6C5-92B7-4C15-9359-7DB782B82439'),(1000040,16,'1','报名','1E065B0F-153B-452B-A714-9AE4217B55B7'),(1000041,5,'3','报名','F62D62CA-324E-4E63-86DE-ED2CC88264C7'),(1000041,8,'4','报名','338704FD-40E1-4E94-A3C5-5785DFF7CA33'),(1000041,10,'5','报名','2B384AB3-6686-4202-B0CC-1FD93BA7D93D'),(1000041,11,'2','报名','B7226A42-62FA-4362-ABAA-2AEB34952ACA'),(1000041,18,'1','报名','C06FE03F-1A52-4ABE-8346-FA67201F453F'),(1000042,8,'2','报名','B31807BE-E939-4F77-A265-C68A67EAD094'),(1000042,13,'1','报名','0F5C2E76-4C69-4C10-85BF-3EC5365326FE'),(1000042,15,'3','报名','392AAD80-C33B-423D-AB6D-81C5AAF41AB1'),(1000043,5,'1','报名','8CA0543B-181F-44BD-9629-AA1A5FF760F0'),(1000043,11,'3','报名','8783473F-59E4-49AE-B326-ACCB9ECC1935'),(1000043,16,'2','报名','1C7955A8-0F2E-44FC-88CF-3C4FCF55EF84'),(1000044,5,'3','报名','31011DEF-8B45-4B96-A1D2-0D8C88A3E3C2'),(1000044,7,'1','报名','EC393D94-E39B-4976-94E5-CF431E362D2A'),(1000044,9,'2','报名','8F72DBC6-B85C-4DAB-8213-9EBAE24ED3C6'),(1000045,1,'2','报名','F4652430-237C-40B0-91DC-D2961F736EB4'),(1000045,10,'3','报名','78DD9A8F-3FBA-41D3-A5F6-C8A037BB93BA'),(1000045,18,'1','报名','0CDC3DF1-BDCB-420A-A2C0-1836719DC7BF'),(1000046,8,'4','报名','D97793BA-6626-4B74-ABFE-D2FA5019A1E4'),(1000046,11,'1','报名','D42A36C7-6629-4048-8862-658E31ECE5E7'),(1000046,13,'5','报名','B75CD28F-ACCA-4871-B1DB-1F10F24E9912'),(1000046,15,'2','报名','A9E4DF82-8316-4532-B924-27B7B8E125A4'),(1000046,17,'3','报名','59971C0D-DEF2-4B67-9124-7EF098FB9C9B'),(1000047,5,'3','报名','52AC11DB-0281-4420-87CD-56DD413B8B89'),(1000047,8,'1','报名','D82A18F0-40CF-44AE-A9CD-718A4B9485FE'),(1000047,18,'2','报名','DC16B0DC-D566-4670-AC6D-C16EC681485F'),(1000048,9,'2','报名','8BEF892A-E493-4E3E-AC81-0670B71F9A86'),(1000048,11,'1','报名','4D71FEDD-3BC6-4D07-94D0-373D5572386F'),(1000048,13,'3','报名','4248C02D-5D38-45B2-BFE6-6C96738E3D9F'),(1000049,7,'3','报名','FD17CCF6-10FE-437D-B0E9-517A1743F4AE'),(1000049,15,'2','报名','7B9B8392-8D5F-4CED-8F93-FEC8CBA9E1C9'),(1000049,16,'1','报名','1437CC41-E9CD-484F-9E19-84752C4177E5'),(1000050,5,'5','报名','259589DC-182C-4AFF-8161-813E9209FC03'),(1000050,8,'3','报名','8FDAC22B-F4F7-40AA-93F3-22A963A7103D'),(1000050,11,'2','报名','4CE47EA6-B9E6-4630-9E34-162991074D88'),(1000050,16,'4','报名','E4C3AC1B-51F1-4E1C-B83D-A4C12B1FBF54'),(1000050,18,'1','报名','7E499A87-5C35-4739-87AC-57CE5ABF7BC4'),(1000051,1,'1','报名','9841EE3B-F7F1-4574-9D3E-9A1CA3EFFBC7'),(1000051,8,'4','报名','DBA7F8A8-C119-4727-A650-9EA97F38A687'),(1000051,9,'3','报名','D662AD7B-4E76-436F-B55C-FF60C3422CD4'),(1000051,13,'5','报名','87546485-85CF-49CB-BA89-6E92EFB4455D'),(1000051,18,'2','报名','32B91293-A4C0-4955-8A4F-A442429F83FF'),(1000052,1,'1','报名','515AC0CB-40A4-4079-AA37-FC6AB1A91EBC'),(1000052,7,'3','报名','CE40E9B2-231D-4607-8FFC-93A5A85E39C5'),(1000052,11,'2','报名','7436DCB0-EF8A-48CC-B57D-9F4DEDA1A101'),(1000054,5,'2','报名','B2A85F76-56D3-480F-AC18-3D68BEC0A5BB'),(1000054,6,'3','报名','5AA07B07-2132-4DB7-8BEC-37A0F16DC30F'),(1000054,9,'1','报名','B11A2353-7654-4A6E-A011-47B0C4A4DF47'),(1000055,1,'1','报名','38097780-5912-46EB-A6B8-E0D1C7B4F953'),(1000055,9,'2','报名','709584F9-4089-4BF4-B0A8-6AF4B70DEEC3'),(1000056,7,'3','报名','A2621057-CA0C-4FAD-BCC7-E18764BD19BA'),(1000056,9,'5','报名','8905CBED-D88D-4EA6-9482-99F17FF13ED9'),(1000056,11,'4','报名','DBA563A7-052E-466D-ADA6-291E14FD1B9C'),(1000056,16,'2','报名','40BD944A-913A-4AAC-B2AF-3667ED8564C6'),(1000056,18,'1','报名','FAF5B9CC-28DD-4BEC-A479-68F9008427A2'),(1000057,1,'1','报名','04F1242A-58A1-4A0D-B464-F232B607C648'),(1000057,15,'2','报名','B915212C-0809-4CAE-BE8C-0EEFAA2E114A'),(1000058,7,'2','报名','D2E3C24C-2F2F-4E8A-9CBC-FEED786A2623'),(1000058,9,'3','报名','204F4347-C13C-4383-9A3D-6CB31336C72A'),(1000058,14,'1','报名','2E585548-8204-46AA-B7B4-9E655848EA5C'),(1000059,1,'1','报名','9C4313DD-EE9A-4CFB-AB7D-6FE46F72923E'),(1000059,4,'4','报名','3F800FC5-AB74-41AB-8568-C7A8E90C35CF'),(1000059,6,'5','报名','ADE0F69F-9A75-4C03-8D7B-1BAE3AAE817E'),(1000059,11,'3','报名','17B1EDCB-44FE-4BF0-A1F6-3B533C81022E'),(1000059,13,'2','报名','29E5DFC1-20E2-4DA1-870A-DACBCDBC7635'),(1000060,10,'3','报名','89AF4946-3654-450C-96D8-B855A856BC43'),(1000060,12,'2','报名','478EF883-91FB-4BB2-8602-02D085A15F2B'),(1000060,18,'1','报名','016CA7FF-6C89-41A7-ADE3-3636A474AAAC'),(2000001,1,'1','报名','14306C68-54C9-41EE-B5B2-EB8EE2B7DFAE'),(2000001,2,'4','报名','A94FAF3B-A862-4438-9C47-14A53B262A00'),(2000001,3,'3','报名','F8CD3154-F656-404D-A75A-52E0810B9E66'),(2000001,17,'5','报名','015C5222-71E6-4415-93CB-BEDEE17C0440'),(2000001,18,'2','报名','88E0908D-A228-44D5-8FD6-71BAF2770609'),(2000002,1,'1','报名','61B77F9B-190B-449E-92AE-94DA6D5F269D'),(2000002,4,'4','报名','B7F83D16-3217-45B6-860A-13B55D205D72'),(2000002,8,'3','报名','38F562D4-8986-4978-A3C5-F32F3144C3F0'),(2000002,18,'2','报名','E3625F03-D8D5-4816-90CA-C1EC1FC7EDAA'),(2000003,2,'2','报名','7C5502C7-0C89-44C0-9053-8638A253B13C'),(2000003,3,'3','报名','D3CC350E-4551-4583-A309-47C5525B83F2'),(2000003,9,'1','报名','ADEB5022-7376-4654-8847-6FF051C0C8AC'),(2000004,5,'2','报名','9E2B3607-BF49-40E2-9DF4-BBD452D65079'),(2000004,13,'3','报名','230FDF10-3987-40D5-82A7-DF4926542B81'),(2000004,18,'1','报名','E2E762BE-D79F-4B00-B334-8147C8AA2CF5'),(2000005,4,'2','报名','32491B88-E494-4F5C-BA4A-EA917F0E5A2F'),(2000005,17,'3','报名','ABB39794-6254-4706-916D-33774402EE20'),(2000005,18,'1','报名','A80CCFB8-82A4-461E-89FB-A7CDF088E846'),(2000006,1,'1','报名','8ED70471-38E7-4E11-9344-F8108CC2DE68'),(2000006,6,'2','报名','F374E417-E088-4659-9C6A-ECFBEF59D607'),(2000006,12,'4','报名','47902162-7941-4E84-9B5B-5168900A9FCF'),(2000006,16,'3','报名','7D2FB956-E6AE-47DE-A1C2-B25029BEEB3A'),(2000007,2,'2','报名','A9D8D3B9-FFD3-47B4-A033-28887261C178'),(2000007,3,'1','报名','063CC689-A501-4B8F-8A38-5E47E58AFF2B'),(2000007,4,'3','报名','C3AA4856-4319-4FDD-B2B5-6182033BDD34'),(2000008,5,'2','报名','511C5C90-2EAA-4C98-B4B8-E69FE1FCF941'),(2000008,18,'1','报名','6D7CE54C-2428-47C0-AA53-22852ADE4BFE'),(2000009,3,'1','报名','379A6F10-8DC3-48DA-8F1C-DF62946D7981'),(2000009,6,'2','报名','2F518ECB-D7C5-4317-9D20-898D6452EE28'),(2000009,18,'1','报名','69F12173-8B27-49B1-880A-862D16F27286'),(2000010,4,'2','报名','AE370793-3BE5-44B3-BD0A-6A4B65B85CA6'),(2000010,15,'3','报名','9205A8F7-3EC1-45FA-96C6-22EA98F6B399'),(2000010,18,'1','报名','7AA40771-954D-4003-A622-560D4331ED23'),(2000011,1,'1','报名','AC908B30-3430-4BBF-9FC5-FB941A9C5217'),(2000011,3,'4','报名','AE675668-A70C-4A56-A953-306D5859A6DC'),(2000011,16,'2','报名','D1253998-205C-42BE-B83F-4BB79D7FF5CD'),(2000011,17,'3','报名','6E5146E8-6F9A-474D-BBC2-02592EB8E6D9'),(2000012,2,'1','报名','DD2FA68F-2E4C-460A-86BB-E3165487C47A'),(2000012,10,'2','报名','B173BEAB-F0E2-483B-BA0B-E68EF3846E9D'),(2000012,14,'3','报名','FE3DC6D5-7B8B-42C9-BE8B-B64B02674416'),(2000013,6,'4','报名','30F07314-B7C3-48CE-A305-47D557E75384'),(2000013,7,'1','报名','842BB503-3ADF-4CFD-91E2-4164B1E54681'),(2000013,12,'2','报名','79672CF4-AEAF-48B0-844F-37F8D5E60DD4'),(2000013,13,'5','报名','3AF035E8-059A-4BEB-99C4-72D13D1039B7'),(2000013,15,'3','报名','EB895BC1-013A-4BB0-9109-BAD49071AA8F'),(2000014,2,'3','报名','9A25A71F-00DA-47E8-B19B-E704D16AFEA2'),(2000014,4,'2','报名','8CB20F7B-C021-492D-BB7D-147C9D5440A0'),(2000014,18,'1','报名','6F992BA9-73C3-444D-809A-A12BFB5404AA'),(2000015,1,'3','报名','25E54516-D3EC-45B8-9D12-1F40F10929B8'),(2000015,3,'1','报名','7E8E890A-57EB-4E90-828A-6DE0E310A436'),(2000015,8,'2','报名','D34C93E6-A1F8-4179-9AA1-F0304C8DC431'),(2000015,9,'4','报名','8076B558-B628-4DAA-8F20-8099B1EDCFA0'),(2000016,10,'3','报名','6FFD3784-3F11-4832-8B16-3811216765BD'),(2000016,12,'1','报名','3D10573D-1827-4D83-9CEE-F933F6358E8F'),(2000016,17,'2','报名','5F659453-9900-4171-9B39-EACC07859742'),(2000017,4,'1','报名','C1AAFD31-9431-4704-9F6C-6AE5538776FF'),(2000017,6,'3','报名','4A00394B-5394-49F9-BDE3-E2F8FC1B885A'),(2000017,16,'2','报名','3A6F6B70-53E0-4B9D-87F7-7E1D783328BB'),(2000018,3,'5','报名','8EDC9BBF-6A70-4160-A190-E351D3F555FE'),(2000018,7,'4','报名','04B4E16D-5052-4093-BED6-1913633CF85C'),(2000018,13,'3','报名','8E8B3959-6865-42E2-93BC-91DE13995CBA'),(2000018,15,'2','报名','3E2B9411-546D-448C-8FF3-0E2E8B2E85DE'),(2000018,18,'1','报名','9D57AE49-953F-405B-9502-506AF47801CC'),(2000019,2,'1','报名','0A1C8EE2-A7BF-4216-9336-D6A166B1265C'),(2000019,8,'2','报名','3928C053-44E0-46B5-AD22-4491634766A5'),(2000019,14,'3','报名','5CBD5A46-B8E4-4585-9F2F-9FF6B1251F41'),(2000020,4,'3','报名','ED7ED635-3FD0-4AAE-AD99-836F3F23A8EF'),(2000020,12,'2','报名','33480492-5ECD-45C9-9B02-D966E7018201'),(2000020,18,'1','报名','3249CA6A-9B3A-446B-AE88-39D1DD1FF5B9'),(2000021,3,'1','报名','49E6F9F8-4E96-45F2-A96B-9E36A447E960'),(2000021,13,'2','报名','757C0086-3FA0-4701-9627-1702AA69F02C'),(2000021,14,'4','报名','C0ABFA71-1171-4050-892A-1F252C0ADA5C'),(2000021,15,'5','报名','4CF7D545-D8E2-4D18-848C-60E4B47B5AF9'),(2000021,16,'3','报名','52930B97-673C-4461-988D-491AF137910E'),(2000022,3,'1','报名','45E841A7-39CB-4A95-8A06-E0A852F0BCA0'),(2000023,2,'3','报名','0F009A37-7B55-4817-A82E-7420CCC90E72'),(2000023,4,'1','报名','6206C805-47B0-41BE-BAEE-31E49A3116B4'),(2000023,8,'2','报名','1282D702-C628-414E-99EA-A17674291AA2'),(2000024,6,'2','报名','F997C649-6E5F-4B42-86C8-8BFE232835F3'),(2000024,17,'3','报名','5552F66C-9CC9-4A5F-8B93-0897E9A3A7F6'),(2000024,18,'1','报名','18FC8951-CDF1-4255-BFFD-4759220A3C91'),(2000026,3,'2','报名','1639D947-D61A-4890-887E-150B618A2543'),(2000026,4,'1','报名','FC481CEA-4237-4F86-81B7-06AD1EE7E28D'),(2000027,1,'1','报名','AA2E6AB6-5C88-46D8-8A7F-77D9AA1A429B'),(2000027,12,'3','报名','EEECAFDE-B213-405B-B8DD-831A55350FF4'),(2000027,14,'2','报名','D80AA941-7756-4F7D-A221-2E394A6E4DCC'),(2000027,16,'4','报名','90AE8226-6A2F-4788-8139-F0FB0F19E2F8'),(2000028,2,'2','报名','597DB1C6-A1A4-4F73-BE17-01674C792B7C'),(2000028,8,'3','报名','FD2084AD-6521-4EAF-8598-CB56921A5A59'),(2000028,10,'1','报名','529D5B15-55E7-4038-A839-35BCE621CF85'),(2000029,6,'5','报名','44E45562-E980-4E41-B436-E68A11564DE5'),(2000029,13,'1','报名','F7266AB6-E040-41AA-8E3D-CF147F29ACAC'),(2000029,14,'4','报名','1E1F4C27-5CBC-422C-89B0-FDCD394FEF8C'),(2000029,15,'2','报名','1940CAA2-1F96-4825-8F28-62E7A96B6212'),(2000029,17,'3','报名','4ACA388A-E2D0-4197-B842-9388BB9F2144'),(2000030,4,'3','报名','AA7ACCC8-29BD-488C-BFFA-2580B64FAA13'),(2000030,7,'4','报名','0FF7A3BF-8451-4044-9866-762357D3B0B9'),(2000030,12,'2','报名','B8D2C1C9-8056-498B-B475-2C0C65F119F6'),(2000030,18,'1','报名','ECA8F8B5-9A2A-4E68-BBF4-80645DEDDD19'),(2000031,2,'2','报名','9F309829-3B6E-4E0C-9B85-439B03B76900'),(2000031,5,'3','报名','1FD8C400-21F5-46F0-AF6B-23CCEBDBD32A'),(2000031,10,'1','报名','3C8530F5-CF42-455E-AD5C-BEDB6B608E92'),(2000032,9,'1','报名','AC5909CE-B471-4380-85A7-203966194C55'),(2000032,16,'2','报名','203931D2-C8EC-4BAE-B893-D1305B938622'),(2000033,1,'1','报名','585A457A-CBFE-4C4F-B71C-C4D9541A8640'),(2000033,8,'2','报名','016168EC-BDB4-4D12-B959-88DFB13D105B'),(2000033,14,'3','报名','F0BB437E-C1E0-48F2-BF8A-AE5999ED2C48'),(2000033,15,'5','报名','7E7FB5EE-1299-4502-B1C7-2AC8D33101B3'),(2000033,17,'4','报名','8F7757CB-7E2E-421E-8274-929FF872B7B8'),(2000034,2,'2','报名','CFB2D9F6-D13C-47A2-A5AA-3EFC9F3D538C'),(2000034,8,'4','报名','C55F6A72-7E73-4184-A899-596F236199E1'),(2000034,13,'3','报名','E7514183-DE2A-4FAE-A8A6-46603F582519'),(2000034,18,'1','报名','A4731FC5-24D7-425B-AD4B-95BED8B2BE9C'),(2000035,6,'1','报名','62A28102-7EA4-42D5-B48D-44AC25CE10DF'),(2000035,8,'2','报名','0AE06F6C-EDF0-4878-BEC2-FAD15DF92BB7'),(2000035,16,'3','报名','07E6622B-09C8-4A93-8727-926F14EEA201'),(2000036,7,'1','报名','80F8F48A-9478-4E4A-B79B-E5348B71F757'),(2000036,10,'2','报名','0F51A954-7138-43D5-B0A7-2AD47CED3066'),(2000036,13,'3','报名','0ABBE692-A28F-43BB-BBFC-0E99F6410146'),(2000037,2,'1','报名','4131113C-66A2-484A-95A0-285749C62092'),(2000037,9,'4','报名','FB17CEEC-A53C-4928-BE27-E8D2A07F5897'),(2000037,14,'3','报名','86A24FF0-D2B3-4F0F-A60F-24B8AF20407F'),(2000037,17,'5','报名','47653DDB-8EC6-4E09-9845-C1B4D4E278BC'),(2000037,18,'2','报名','896015AC-E543-4738-A0CE-1AA56EDB6EA8'),(2000038,1,'2','报名','F89F6CBF-11EA-4F34-8E4A-561E03E32BAA'),(2000038,8,'1','报名','FEED87C5-281C-480C-BDFC-BFF404A397DD'),(2000038,11,'3','报名','0BE6ABC8-142F-49A6-A482-B59AD4F50DF0'),(2000038,15,'4','报名','BAAD4CC4-8164-4227-8B9E-A3BAE3525562'),(2000039,18,'1','报名','20FF381D-EC07-4379-BB4E-1E404374A63A'),(2000040,16,'1','报名','6F430692-4C36-4340-9627-7AAC1FE5F38F'),(2000041,5,'3','报名','649AD57F-B4BC-499F-933B-B5EC39E5C34C'),(2000041,8,'4','报名','F3B71E34-A4B6-43D3-B0E6-92FB04959F54'),(2000041,10,'5','报名','A13CF4B5-C133-4B39-B14F-8CACD8F62AEF'),(2000041,11,'2','报名','9EC8DF4C-2CF4-4063-8B40-F0B186BD6A46'),(2000041,18,'1','报名','281A56F5-F6DE-408C-A154-6ECE86D74653'),(2000042,8,'2','报名','4C22EE5F-A083-4C1D-8A13-B95D5BC7E288'),(2000042,13,'1','报名','BF03D961-D1D5-4940-BEEC-4DF81A52922F'),(2000042,15,'3','报名','015E4285-8DF6-4D92-B666-B31EA6D80A9D'),(2000043,5,'1','报名','DAC3398D-580E-468A-B8E4-82CB88DA5CD9'),(2000043,11,'3','报名','F282CD35-877F-46C9-82A5-F6D4A23D74E1'),(2000043,16,'2','报名','7808C01E-A93F-4E49-889A-DC171DC386AE'),(2000044,5,'3','报名','3184C839-4B05-49FE-8306-7B0AF2F62462'),(2000044,7,'1','报名','ACC5AADD-7527-4255-B123-0F87952B9B88'),(2000044,9,'2','报名','A81C2C65-ACF8-403F-A57D-31A1F2DCD577'),(2000045,1,'2','报名','787CCA38-7797-4453-BFE9-72509E1932DD'),(2000045,10,'3','报名','3C13D743-DF2C-4DA9-93BF-B0F28F27C5FA'),(2000045,18,'1','报名','F8C8A9B6-2459-4925-9C60-525D2532D954'),(2000046,8,'4','报名','389B42B3-9ABD-4266-820C-DB13CF12C749'),(2000046,11,'1','报名','2759F570-E442-4705-8024-98CC1548619B'),(2000046,13,'5','报名','245B9252-57CC-41DD-AA73-0956137C3BD0'),(2000046,15,'2','报名','7C8A5593-94BC-4EB4-8C18-EDB878BB55CC'),(2000046,17,'3','报名','3E65418D-69E5-45BE-8F41-8D656C6782AF'),(2000047,5,'3','报名','868FBF98-BC8D-4840-ACF4-0D824FC1C9F0'),(2000047,8,'1','报名','2C5F1BE4-96EB-4BC6-A5B9-6431D5DBE11F'),(2000047,18,'2','报名','5172435B-2EF8-4E6D-B218-8EA541BC5416'),(2000048,9,'2','报名','71564EFA-CC4D-44B0-8515-D798B0A322C0'),(2000048,11,'1','报名','F320DEEF-DE73-4E65-A673-531339689D2E'),(2000048,13,'3','报名','A227DB95-2E64-46E8-BE6D-81300DB6421C'),(2000049,7,'3','报名','2EE3A521-227B-4CF0-9256-6E0BB701BCCB'),(2000049,15,'2','报名','3C0201E4-61D6-40E0-AB73-D27DE2CB4CE0'),(2000049,16,'1','报名','EB3057D0-406C-43F2-BBF7-32D680F446FC'),(2000050,5,'5','报名','7EA6FA60-DEC0-4B94-90F4-19F27D26476D'),(2000050,8,'3','报名','90619A4A-A47A-496C-940F-1213AC132EE1'),(2000050,11,'2','报名','AF8CA02A-80D7-4DD4-9835-FB34E6ECB14B'),(2000050,16,'4','报名','3D7A6370-491F-493D-B537-6F90F5333349'),(2000050,18,'1','报名','94C447C5-8418-497D-A28F-27C38B190EB0'),(2000051,1,'1','报名','E6154856-6910-49C7-A85B-B1B13DAE1ED4'),(2000051,8,'4','报名','407B4C00-989D-469B-99DF-5AAE82699AD9'),(2000051,9,'3','报名','A7C50B73-7D69-45C6-9DB4-3DCB6F85EEC2'),(2000051,13,'5','报名','D5E355BF-D511-4B17-99F5-42FFF58A76BC'),(2000051,18,'2','报名','4BDC7999-6E19-45F7-95F3-682CF33CB81D'),(2000052,1,'1','报名','220D3AF5-0574-4A89-B375-6CCD4D8D882A'),(2000052,7,'3','报名','96357C50-9C95-4183-9258-93EDA59F4024'),(2000052,11,'2','报名','1E062A74-0CD5-408C-B4AD-8E0B2FD9FD25'),(2000054,5,'2','报名','8FCD6A4B-D6D2-4226-8FA4-AABA4826BCFA'),(2000054,6,'3','报名','617A03E9-911B-4FD3-BC2F-3F0CD92AB263'),(2000054,9,'1','报名','059E15B5-49FC-4EDF-946D-00DAC60E9AEC'),(2000055,1,'1','报名','BA3B5BD9-BA8F-453C-AC18-23471A96D440'),(2000055,9,'2','报名','E7B4743A-DFBE-4053-865C-B6FD586802DD'),(2000056,2,'3','报名','C84E8F34-7073-4CBD-A1B5-B4923F8C81C3'),(2000056,7,'5','报名','FE706EDD-D78E-4E24-AC4D-BAE01C271244'),(2000056,11,'4','报名','B34D7AEF-095B-4A68-B479-5AFD9F58C00A'),(2000056,16,'2','报名','645B7D92-CF5C-4B19-8890-E7D3C8EBD92D'),(2000056,18,'1','报名','A021DD03-07B5-4EF2-9CAF-6099325EA84D'),(2000057,1,'1','报名','3861CA42-F795-4D5F-BECA-A928409C6E92'),(2000057,15,'2','报名','375C70F3-F875-449B-AE14-BB4CEDE12964'),(2000058,7,'2','报名','972FA3FF-439C-41B9-AF18-645069435A4A'),(2000058,9,'3','报名','A7D917CC-942A-4D89-AB7F-BE33BB0C3DBA'),(2000058,14,'1','报名','38D9F112-D634-4758-A91B-98F38DA825BF'),(2000059,1,'1','报名','2BB8B47D-AFDE-4494-B397-251DE60F63BA'),(2000059,4,'4','报名','40B6167B-33E3-49EB-8F14-C914287AC8BA'),(2000059,6,'5','报名','140FF64F-63EC-4F8F-A0A3-D8D2F0F95C91'),(2000059,11,'3','报名','F8D326F5-F1AF-40DC-BA59-C0E4AE9AA067'),(2000059,13,'2','报名','C4755988-522F-4FB1-853C-20B96B909F01'),(2000060,1,'4','报名',''),(2000060,10,'3','报名','1CB9FB9B-16B5-4723-AB4B-8EEA45DB8D35'),(2000060,12,'2','报名','E72AF382-DD01-4C3B-B8D6-6F44AD548B15'),(2000060,18,'1','报名','D506AA44-561D-4AAC-92CA-DCFB3ECB5456'),(2000060,20,'5','报名','F40CE25D-C63F-40F6-BA3E-A78E0A4EF0D2'),(1,1,'','报名','null');
/*!40000 ALTER TABLE `StuCou` ENABLE KEYS */;
UNLOCK TABLES;

--
-- Table structure for table `Student`
--

DROP TABLE IF EXISTS `Student`;
/*!40101 SET @saved_cs_client     = @@character_set_client */;
/*!40101 SET character_set_client = utf8 */;
CREATE TABLE `Student` (
  `StuNo` int(11) DEFAULT NULL,
  `StuName` varchar(3) DEFAULT NULL,
  `ClassNo` varchar(8) DEFAULT NULL,
  `Pwd` varchar(9) DEFAULT NULL
) ENGINE=InnoDB DEFAULT CHARSET=utf8mb4;
/*!40101 SET character_set_client = @saved_cs_client */;

--
-- Dumping data for table `Student`
--

LOCK TABLES `Student` WRITE;
/*!40000 ALTER TABLE `Student` DISABLE KEYS */;
INSERT INTO `Student` VALUES (1,'林斌','20000004','123456'),(2,'彭少帆','20000001','A946EF8C'),(3,'曾敏馨','20000001','777B2DE7'),(4,'张晶晶','20000001','EDE4293B'),(5,'曹业成','20000001','A08E56C4'),(6,'甘蕾','20000001','3178C441'),(7,'凌晓文','20000001','B7E6F4BE'),(8,'梁亮','20000001','BFDEB84F'),(9,'陈燕珊','20000001','A4A0BDFF'),(10,'韩霞','20000001','4033A878'),(11,'朱川','20000002','19C5653D'),(12,'杜晓静','20000002','117A709E'),(13,'黄元科','20000002','C6C1E2B7'),(14,'罗飞','20000002','6808A559'),(15,'李林','20000002','E65AF58A'),(16,'赖梅','20000002','767591C7'),(17,'麦嘉','20000002','B7E43E7C'),(18,'李月','20000002','3B6EC650'),(19,'陈艳婷','20000002','22018D60'),(20,'庄雯','20000002','C72BFBA3'),(21,'赖家嘉','20000003','34A7E284'),(22,'黄磊','20000003','2A0BF98F'),(23,'熊华','20000003','AC79E811'),(24,'李红','20000003','1339DD8E'),(25,'廖杰','20000003','659E5EDC'),(26,'赵玉平','20000003','E9FEF281'),(27,'朱丽','20000003','7AC30191'),(28,'何丽仪','20000003','78E651FD'),(29,'梁燕燕','20000003','5E749F6B'),(30,'黄惜','20000003','18716F45'),(31,'陈金菊','20000004','F14A4F4E'),(32,'杨华','20000004','36AC2AEE'),(33,'侯刚','20000004','C6FB73CC'),(34,'李辉','20000004','B037B994'),(35,'张梅','20000004','F5679BD7'),(36,'赵育华','20000004','6FF965B9'),(37,'徐敬大','20000004','0A1D0844'),(38,'孙量','20000004','5111D018'),(39,'马嘉达','20000004','E6C13CC0'),(40,'叶素华','20000004','E8DDE378'),(41,'卓峰','20000005','9E24D1FD'),(42,'陈滔','20000005','ADACC023'),(43,'韩文','20000005','601AFE7F'),(44,'李向兵','20000005','6D33D2F8'),(45,'杨斌','20000005','06081845'),(46,'张峰','20000005','A420DB16'),(47,'张素琴','20000005','027A9133'),(48,'谭旭东','20000005','02D3BFDB'),(49,'马振烽','20000005','7AB54DD0'),(50,'吴珊','20000005','FB40F89F'),(51,'刘长征','20000006','6CA4EE50'),(52,'周金华','20000006','9ADB786A'),(53,'李开豫','20000006','6E2CC253'),(54,'李丽平','20000006','AA57BCE2'),(55,'艾锋','20000006','2CA8FE76'),(56,'吴文杰','20000006','D7C83477'),(57,'吴黎斌','20000006','FF047C42'),(58,'王明安','20000006','14A7C8AB'),(59,'罗远新','20000006','1052CCF8'),(60,'黄月英','20000006','3ACE2670'),(1000001,'周英','20010001','F126361D'),(1000002,'郑强','20010001','C07B5DDA'),(1000003,'唐德兴','20010001','A2814D09'),(1000004,'高胜','20010001','595A934A'),(1000005,'文荣','20010001','EC0E5976'),(1000006,'方胜','20010001','10A81E26'),(1000007,'司华全','20010001','F421A286'),(1000008,'张浩','20010001','28B52E14'),(1000009,'王碧丽','20010001','94C6EA54'),(1000010,'利旭龙','20010001','E9481979'),(1000011,'单玲','20010002','9D49DAFD'),(1000012,'叶杰','20010002','FB0617F4'),(1000013,'胡殿贵','20010002','79B290BD'),(1000014,'黄莹','20010002','0EC16D5B'),(1000015,'胡旺','20010002','EE528507'),(1000016,'纪颖茵','20010002','B483DC91'),(1000017,'黄菲','20010002','4ACF34EA'),(1000018,'何文','20010002','3C854411'),(1000019,'谢军','20010002','CE87F718'),(1000020,'马雄','20010002','7DF426DD'),(1000021,'林辉','20010003','838DBE92'),(1000022,'陈婷','20010003','D05F743D'),(1000023,'李攀','20010003','766F7208'),(1000024,'陈威','20010003','208EF601'),(1000025,'张峰','20010003','C60321EB'),(1000026,'周芬','20010003','0D3CE5AC'),(1000027,'冼柳如','20010003','BE2AD025'),(1000028,'尚昌荣','20010003','58386326'),(1000029,'李宝儿','20010003','CB9A489E'),(1000030,'江婉婵','20010003','CE3EDA81'),(1000031,'黄丹','20010004','9CB2EBCA'),(1000032,'谢华','20010004','C3F5D7C6'),(1000033,'郭丽婷','20010004','22765143'),(1000034,'柳萍','20010004','39595413'),(1000035,'叶宁','20010004','CDEF40F4'),(1000036,'李碧珍','20010004','3ED26A25'),(1000037,'杨建新','20010004','C1AFBFDE'),(1000038,'李花','20010004','0F20286B'),(1000039,'李云','20010004','47FBC010'),(1000040,'张笑兴','20010004','383094C1'),(1000041,'刘志伟','20010005','5225C9BA'),(1000042,'刘丽文','20010005','618232F2'),(1000043,'王亮','20010005','A071A5B8'),(1000044,'罗瑶娜','20010005','9E0488EC'),(1000045,'张宇','20010005','D053E238'),(1000046,'林晓华','20010005','73C4D560'),(1000047,'刘雯','20010005','8C5E49F4'),(1000048,'郑宁','20010005','84318E36'),(1000049,'罗龙','20010005','03AD9CA2'),(1000050,'朱玲','20010005','1DAC44B9'),(1000051,'邹群','20010006','31A8CE69'),(1000052,'王紫枫','20010006','C0F93456'),(1000053,'陈益达','20010006','E691B7AA'),(1000054,'彭祥','20010006','51339DB0'),(1000055,'邱星','20010006','90CF3018'),(1000056,'蒋芸','20010006','C61CFFFE'),(1000057,'颜瑭璐','20010006','511161DD'),(1000058,'薛尧','20010006','B314A58B'),(1000059,'陈溪','20010006','1BA73A0B'),(1000060,'罗锦辉','20010006','7580F9C7'),(2000001,'叶兆荣','20020001','130F3226'),(2000002,'杨敏茹','20020001','523FC944'),(2000003,'曾敬香','20020001','C9B6C7F3'),(2000004,'祝海斌','20020001','B2BDE1E3'),(2000005,'陈霞','20020001','435677C0'),(2000006,'王青','20020001','51BA8C4E'),(2000007,'郑贤','20020001','E89094ED'),(2000008,'韩燕','20020001','A31D6C73'),(2000009,'何娟','20020001','81E96113'),(2000010,'顾珍','20020001','7FE993A0'),(2000011,'张飞翔','20020002','B1330A01'),(2000012,'黄思宇','20020002','CE9A9E92'),(2000013,'周健鹏','20020002','C5F048B3'),(2000014,'廖丽娟','20020002','09BAF9FD'),(2000015,'林豫','20020002','18E054EE'),(2000016,'赖霞','20020002','875B13B0'),(2000017,'郑萍','20020002','72459143'),(2000018,'刘海峰','20020002','CDF3B2DD'),(2000019,'叶虹','20020002','A49C1F7F'),(2000020,'郑文','20020002','76E700B3'),(2000021,'关霞','20020003','614F9DC1'),(2000022,'莫飞娥','20020003','E62FD252'),(2000023,'李卉','20020003','3D4D4F7C'),(2000024,'陈慧霞','20020003','EFAD0BC7'),(2000025,'吴妍','20020003','AB817022'),(2000026,'于梅','20020003','7B7309C6'),(2000027,'刘燕','20020003','9FC227D7'),(2000028,'洪华','20020003','B30D51B6'),(2000029,'陈晓旋','20020003','069ECE57'),(2000030,'郭玉芳','20020003','406D601A'),(2000031,'熊秋','20020004','64C52750'),(2000032,'王黔可','20020004','22FD98E5'),(2000033,'林海文','20020004','AEDEF411'),(2000034,'梁瑞明','20020004','5380E683'),(2000035,'叶小瑶','20020004','3299E519'),(2000036,'苏建龙','20020004','967E08C1'),(2000037,'黎海珊','20020004','AE51E60E'),(2000038,'丛永杰','20020004','7D25F150'),(2000039,'胡剑星','20020004','BF69E690'),(2000040,'刁雪娴','20020004','E1064051'),(2000041,'刘敏彬','20020005','F3A9C4E3'),(2000042,'盛君','20020005','4035F5D5'),(2000043,'马顺枢','20020005','8D9E71AD'),(2000044,'陈军','20020005','8B0195A0'),(2000045,'王满枝','20020005','A5D2ABE7'),(2000046,'李翠东','20020005','2F4EF051'),(2000047,'林桂励','20020005','DB6432BA'),(2000048,'陈国海','20020005','B1E2C1A6'),(2000049,'许刚','20020005','181AFB6F'),(2000050,'曾丽彬','20020005','6CD25A67'),(2000051,'陈敏霞','20020006','55B38E37'),(2000052,'贺丽好','20020006','DC40C851'),(2000053,'岳丽琼','20020006','B44D5232'),(2000054,'刘志伟','20020006','B029CF12'),(2000055,'丁玉明','20020006','83463460'),(2000056,'郭瑜琳','20020006','427FD9A6'),(2000057,'陈雯','20020006','17E47B68'),(2000058,'苏晓华','20020006','B97EEBAF'),(2000059,'简小艳','20020006','C4DE4AE4'),(2000060,'欧春妮','20020006','9F729870'),(10000001,'陈坤松','20020006','123456789'),(11111119,'莅临枭','20000002','123456'),(90000000,'徐人凤','20000001','123456'),(90000001,'李涛','','123456'),(99999999,'李林枭','','123456');
/*!40000 ALTER TABLE `Student` ENABLE KEYS */;
UNLOCK TABLES;

--
-- Table structure for table `dtproperties`
--

DROP TABLE IF EXISTS `dtproperties`;
/*!40101 SET @saved_cs_client     = @@character_set_client */;
/*!40101 SET character_set_client = utf8 */;
CREATE TABLE `dtproperties` (
  `id` int(11) DEFAULT NULL,
  `objectid` int(11) DEFAULT NULL,
  `property` int(11) DEFAULT NULL,
  `value` int(11) DEFAULT NULL,
  `uvalue` int(11) DEFAULT NULL,
  `lvalue` int(11) DEFAULT NULL,
  `version` int(11) DEFAULT NULL
) ENGINE=InnoDB DEFAULT CHARSET=utf8mb4;
/*!40101 SET character_set_client = @saved_cs_client */;

--
-- Dumping data for table `dtproperties`
--

LOCK TABLES `dtproperties` WRITE;
/*!40000 ALTER TABLE `dtproperties` DISABLE KEYS */;
/*!40000 ALTER TABLE `dtproperties` ENABLE KEYS */;
UNLOCK TABLES;

--
-- Table structure for table `sysdiagrams`
--

DROP TABLE IF EXISTS `sysdiagrams`;
/*!40101 SET @saved_cs_client     = @@character_set_client */;
/*!40101 SET character_set_client = utf8 */;
CREATE TABLE `sysdiagrams` (
  `name` int(11) DEFAULT NULL,
  `principal_id` int(11) DEFAULT NULL,
  `diagram_id` int(11) DEFAULT NULL,
  `version` int(11) DEFAULT NULL,
  `definition` int(11) DEFAULT NULL
) ENGINE=InnoDB DEFAULT CHARSET=utf8mb4;
/*!40101 SET character_set_client = @saved_cs_client */;

--
-- Dumping data for table `sysdiagrams`
--

LOCK TABLES `sysdiagrams` WRITE;
/*!40000 ALTER TABLE `sysdiagrams` DISABLE KEYS */;
/*!40000 ALTER TABLE `sysdiagrams` ENABLE KEYS */;
UNLOCK TABLES;
/*!40103 SET TIME_ZONE=@OLD_TIME_ZONE */;

/*!40101 SET SQL_MODE=@OLD_SQL_MODE */;
/*!40014 SET FOREIGN_KEY_CHECKS=@OLD_FOREIGN_KEY_CHECKS */;
/*!40014 SET UNIQUE_CHECKS=@OLD_UNIQUE_CHECKS */;
/*!40101 SET CHARACTER_SET_CLIENT=@OLD_CHARACTER_SET_CLIENT */;
/*!40101 SET CHARACTER_SET_RESULTS=@OLD_CHARACTER_SET_RESULTS */;
/*!40101 SET COLLATION_CONNECTION=@OLD_COLLATION_CONNECTION */;
/*!40111 SET SQL_NOTES=@OLD_SQL_NOTES */;

-- Dump completed on 2018-09-08 22:56:26
